<?xml version='1.0' encoding='UTF-8'?><mets xmlns:hulDrsRights="http://hul.harvard.edu/ois/xml/ns/hulDrsRights" xmlns="http://www.loc.gov/METS/" xmlns:hulDrsAdmin="http://hul.harvard.edu/ois/xml/ns/hulDrsAdmin" xmlns:mods="http://www.loc.gov/mods/v3" xmlns:fits="http://hul.harvard.edu/ois/xml/ns/fits/fits_output" xmlns:premis="info:lc/xmlns/premis-v2" xmlns:mix="http://www.loc.gov/mix/v20" xmlns:xlink="http://www.w3.org/1999/xlink" xmlns:xsi="http://www.w3.org/2001/XMLSchema-instance" xsi:schemaLocation="http://hul.harvard.edu/ois/xml/ns/hulDrsRights http://hul.harvard.edu/ois/xml/xsd/drs/hulDrsRights.xsd http://www.loc.gov/METS/ http://www.loc.gov/standards/mets/mets.xsd http://hul.harvard.edu/ois/xml/ns/hulDrsAdmin http://hul.harvard.edu/ois/xml/xsd/drs/hulDrsAdmin.xsd http://www.loc.gov/mods/v3 http://www.loc.gov/standards/mods/v3/mods-3-5.xsd http://hul.harvard.edu/ois/xml/ns/fits/fits_output http://hul.harvard.edu/ois/xml/xsd/fits/fits_output.xsd info:lc/xmlns/premis-v2 http://www.loc.gov/standards/premis/premis.xsd http://www.loc.gov/mix/v20 http://www.loc.gov/standards/mix/mix20/mix20.xsd" TYPE="STILL IMAGE" PROFILE="HUL"><metsHdr ID="ID1" ADMID="ID5 ID8" CREATEDATE="2015-10-27T22:11:59.183Z" LASTMODDATE="2015-10-27T22:11:59.183Z"><agent ID="ID2" ROLE="CREATOR" TYPE="ORGANIZATION"><name>Harvard University Library</name></agent></metsHdr><dmdSec ID="ID3"><mdWrap ID="ID4" MDTYPE="MODS"><xmlData><mods:mods version="3.5"><mods:titleInfo><mods:nonSort>ha-</mods:nonSort><mods:title>Sipur ha-Miḳraʼi</mods:title></mods:titleInfo><mods:titleInfo type="alternative"><mods:title>Biblical narrative</mods:title></mods:titleInfo><mods:name usage="primary" type="personal"><mods:namePart>Adar, Zvi.</mods:namePart></mods:name><mods:typeOfResource>text</mods:typeOfResource><mods:originInfo><mods:place><mods:placeTerm authority="marccountry" type="code">is^</mods:placeTerm></mods:place><mods:place><mods:placeTerm type="text">Jerusalem</mods:placeTerm></mods:place><mods:publisher>ha-Maḥlaḳah le-ḥinukh ule-tarbut ba-golah shel ha-Histadrut ha-Tsiyonit ha-ʻOlamit</mods:publisher><mods:dateIssued>1980</mods:dateIssued><mods:issuance>monographic</mods:issuance></mods:originInfo><mods:language><mods:languageTerm authority="iso639-2b" type="code">heb</mods:languageTerm></mods:language><mods:physicalDescription><mods:extent>228 p. ; 19 cm.</mods:extent></mods:physicalDescription><mods:note>Added t.p.: The Biblical narrative.</mods:note><mods:subject authority="lcsh"><mods:titleInfo><mods:title>Bible</mods:title><mods:partName>Old Testament</mods:partName></mods:titleInfo><mods:topic>Language, style</mods:topic></mods:subject><mods:subject authority="lcsh"><mods:topic>Bible as literature</mods:topic></mods:subject><mods:subject><mods:hierarchicalGeographic><mods:country>Israel</mods:country><mods:city>Jerusalem</mods:city></mods:hierarchicalGeographic></mods:subject><mods:classification authority="lcc">BS535 .A3</mods:classification><mods:identifier type="lccn">^^^58052933^</mods:identifier><mods:recordInfo><mods:descriptionStandard>aacr</mods:descriptionStandard><mods:recordCreationDate encoding="marc">820120</mods:recordCreationDate><mods:recordChangeDate encoding="iso8601">20111006115254.0</mods:recordChangeDate><mods:recordIdentifier>000012345-5</mods:recordIdentifier><mods:recordOrigin>Converted from MARCXML to MODS version 3.5 using MARC21slim2MODS3-5-MHpatch1.xsl (Revision 1.102 2014/10/30) Library Technology Services, Harvard University</mods:recordOrigin></mods:recordInfo></mods:mods></xmlData></mdWrap></dmdSec><amdSec ID="ID5"><techMD ID="ID6"><mdWrap ID="ID7" MDTYPE="PREMIS:OBJECT"><xmlData><premis:object xsi:type="premis:representation"><premis:objectIdentifier><premis:objectIdentifierType>HUL_DRS_OBJECT_ORACLE</premis:objectIdentifierType><premis:objectIdentifierValue>TBD</premis:objectIdentifierValue></premis:objectIdentifier><premis:objectIdentifier><premis:objectIdentifierType>HUL_DRS_DESCRIPTOR_ORACLE</premis:objectIdentifierType><premis:objectIdentifierValue>TBD</premis:objectIdentifierValue></premis:objectIdentifier><premis:objectIdentifier><premis:objectIdentifierType>HUL_DRS_OBJECT_URN</premis:objectIdentifierType><premis:objectIdentifierValue>TBD</premis:objectIdentifierValue></premis:objectIdentifier><premis:originalName>smoke_test2_obj1_img-102015</premis:originalName></premis:object></xmlData></mdWrap></techMD></amdSec><amdSec ID="ID8"><techMD ID="ID9"><mdWrap ID="ID10" MDTYPE="OTHER" OTHERMDTYPE="hulAdmin"><xmlData><hulDrsAdmin:hulDrsAdmin><hulDrsAdmin:drsObject><hulDrsAdmin:billingCode status="current" creatingAgent="80529864" createDate="2015-10-27T22:11:59.917Z">HUL.TEST.BILL_0001</hulDrsAdmin:billingCode><hulDrsAdmin:captionBehavior>on</hulDrsAdmin:captionBehavior><hulDrsAdmin:captionDescription>My custom description</hulDrsAdmin:captionDescription><hulDrsAdmin:contentModelID>CMID-5.0</hulDrsAdmin:contentModelID><hulDrsAdmin:insertionDate>2015-10-27T22:11:59.917Z</hulDrsAdmin:insertionDate><hulDrsAdmin:ownerCode status="current" creatingAgent="80529864" createDate="2015-10-27T22:11:59.917Z">HUL.TEST</hulDrsAdmin:ownerCode><hulDrsAdmin:ownerSuppliedName>smoke_test2_obj1_img-102015</hulDrsAdmin:ownerSuppliedName><hulDrsAdmin:status>current</hulDrsAdmin:status><hulDrsAdmin:viewText>off</hulDrsAdmin:viewText></hulDrsAdmin:drsObject></hulDrsAdmin:hulDrsAdmin></xmlData></mdWrap></techMD></amdSec><amdSec ID="ID12"><techMD ID="ID13"><mdWrap ID="ID14" MDTYPE="PREMIS:OBJECT"><xmlData><premis:object xsi:type="premis:file"><premis:objectIdentifier><premis:objectIdentifierType>OTHER</premis:objectIdentifierType><premis:objectIdentifierValue>image-archival_master\U971571_1.tif</premis:objectIdentifierValue></premis:objectIdentifier><premis:objectCharacteristics><premis:compositionLevel>0</premis:compositionLevel><premis:fixity><premis:messageDigestAlgorithm>MD5</premis:messageDigestAlgorithm><premis:messageDigest>69d6d6d8bb43ece2827c2a15b7fbf699</premis:messageDigest><premis:messageDigestOriginator>FITS 0.8.5</premis:messageDigestOriginator></premis:fixity><premis:size>17163762</premis:size><premis:format><premis:formatDesignation><premis:formatName>Tagged Image File Format</premis:formatName><premis:formatVersion>6.0</premis:formatVersion></premis:formatDesignation><premis:formatRegistry><premis:formatRegistryName>PRONOM</premis:formatRegistryName><premis:formatRegistryKey>fmt/353</premis:formatRegistryKey></premis:formatRegistry></premis:format><premis:creatingApplication><premis:dateCreatedByApplication>2013-08-09T12:08:33-04:00</premis:dateCreatedByApplication></premis:creatingApplication><premis:objectCharacteristicsExtension><mix:mix><mix:BasicDigitalObjectInformation><mix:byteOrder>little endian</mix:byteOrder><mix:Compression><mix:compressionScheme>Uncompressed</mix:compressionScheme></mix:Compression></mix:BasicDigitalObjectInformation><mix:BasicImageInformation><mix:BasicImageCharacteristics><mix:imageWidth>2028</mix:imageWidth><mix:imageHeight>2821</mix:imageHeight><mix:PhotometricInterpretation><mix:colorSpace>RGB</mix:colorSpace><mix:ColorProfile><mix:IccProfile><mix:iccProfileName>Adobe RGB (1998)</mix:iccProfileName><mix:iccProfileVersion>2.1.0</mix:iccProfileVersion></mix:IccProfile></mix:ColorProfile><mix:ReferenceBlackWhite><mix:Component><mix:componentPhotometricInterpretation>R</mix:componentPhotometricInterpretation><mix:footroom><mix:numerator>25500</mix:numerator><mix:denominator>100</mix:denominator></mix:footroom><mix:headroom><mix:numerator>0</mix:numerator><mix:denominator>100</mix:denominator></mix:headroom></mix:Component><mix:Component><mix:componentPhotometricInterpretation>G</mix:componentPhotometricInterpretation><mix:footroom><mix:numerator>25500</mix:numerator><mix:denominator>100</mix:denominator></mix:footroom><mix:headroom><mix:numerator>0</mix:numerator><mix:denominator>100</mix:denominator></mix:headroom></mix:Component><mix:Component><mix:componentPhotometricInterpretation>B</mix:componentPhotometricInterpretation><mix:footroom><mix:numerator>25500</mix:numerator><mix:denominator>100</mix:denominator></mix:footroom><mix:headroom><mix:numerator>0</mix:numerator><mix:denominator>100</mix:denominator></mix:headroom></mix:Component></mix:ReferenceBlackWhite></mix:PhotometricInterpretation></mix:BasicImageCharacteristics></mix:BasicImageInformation><mix:ImageCaptureMetadata><mix:GeneralCaptureInformation/><mix:orientation>normal*</mix:orientation></mix:ImageCaptureMetadata><mix:ImageAssessmentMetadata><mix:SpatialMetrics><mix:samplingFrequencyUnit>no absolute unit of measurement</mix:samplingFrequencyUnit><mix:xSamplingFrequency><mix:numerator>0</mix:numerator><mix:denominator>1</mix:denominator></mix:xSamplingFrequency><mix:ySamplingFrequency><mix:numerator>0</mix:numerator><mix:denominator>1</mix:denominator></mix:ySamplingFrequency></mix:SpatialMetrics><mix:ImageColorEncoding><mix:BitsPerSample><mix:bitsPerSampleValue>8</mix:bitsPerSampleValue><mix:bitsPerSampleValue>8</mix:bitsPerSampleValue><mix:bitsPerSampleValue>8</mix:bitsPerSampleValue><mix:bitsPerSampleUnit>integer</mix:bitsPerSampleUnit></mix:BitsPerSample><mix:samplesPerPixel>3</mix:samplesPerPixel></mix:ImageColorEncoding></mix:ImageAssessmentMetadata></mix:mix></premis:objectCharacteristicsExtension></premis:objectCharacteristics></premis:object></xmlData></mdWrap></techMD></amdSec><amdSec ID="ID15"><techMD ID="ID16"><mdWrap ID="ID17" MDTYPE="OTHER" OTHERMDTYPE="hulAdmin"><xmlData><hulDrsAdmin:hulDrsAdmin><hulDrsAdmin:drsFile><hulDrsAdmin:accessFlag status="current" creatingAgent="80529864" createDate="2015-10-27T22:12:01.305Z">P</hulDrsAdmin:accessFlag><hulDrsAdmin:fileIdentification><fits:identity format="Tagged Image File Format" mimetype="image/tiff" toolname="FITS" toolversion="0.8.5"><fits:tool toolname="Jhove" toolversion="1.5"/><fits:tool toolname="file utility" toolversion="5.03"/><fits:tool toolname="Exiftool" toolversion="9.13"/><fits:tool toolname="Droid" toolversion="6.1.3"/><fits:tool toolname="ffident" toolversion="0.2"/><fits:tool toolname="Tika" toolversion="1.3"/><fits:version toolname="Jhove" toolversion="1.5">6.0</fits:version><fits:externalIdentifier toolname="Droid" toolversion="6.1.3" type="puid">fmt/353</fits:externalIdentifier></fits:identity></hulDrsAdmin:fileIdentification><hulDrsAdmin:formatValidation><fits:well-formed toolname="Jhove" toolversion="1.5" status="SINGLE_RESULT">true</fits:well-formed><fits:valid toolname="Jhove" toolversion="1.5" status="SINGLE_RESULT">true</fits:valid></hulDrsAdmin:formatValidation><hulDrsAdmin:insertionDate>2015-10-27T22:12:01.305Z</hulDrsAdmin:insertionDate><hulDrsAdmin:isFirstGenerationInDrs>yes</hulDrsAdmin:isFirstGenerationInDrs><hulDrsAdmin:isPreferredDeliverableSource>unspecified</hulDrsAdmin:isPreferredDeliverableSource><hulDrsAdmin:ownerSuppliedName>U971571_1</hulDrsAdmin:ownerSuppliedName><hulDrsAdmin:role>ARCHIVAL_MASTER</hulDrsAdmin:role><hulDrsAdmin:status>current</hulDrsAdmin:status><hulDrsAdmin:suppliedFilename>U971571_1.tif</hulDrsAdmin:suppliedFilename><hulDrsAdmin:suppliedDirectory>image-archival_master\</hulDrsAdmin:suppliedDirectory><hulDrsAdmin:usageClass>LOWUSE</hulDrsAdmin:usageClass></hulDrsAdmin:drsFile></hulDrsAdmin:hulDrsAdmin></xmlData></mdWrap></techMD></amdSec><amdSec ID="ID20"><rightsMD ID="ID21"><mdWrap ID="ID22" MDTYPE="PREMIS:RIGHTS"><xmlData><premis:rights><premis:rightsStatement><premis:rightsStatementIdentifier><premis:rightsStatementIdentifierType>HUL_DRS_RIGHTS</premis:rightsStatementIdentifierType><premis:rightsStatementIdentifierValue>TBD_HUL_DRS_RIGHTS</premis:rightsStatementIdentifierValue></premis:rightsStatementIdentifier><premis:rightsBasis>Harvard policy</premis:rightsBasis><premis:licenseInformation><premis:licenseIdentifier><premis:licenseIdentifierType>OBJECT_OSN</premis:licenseIdentifierType><premis:licenseIdentifierValue>harvard_policy-2015</premis:licenseIdentifierValue></premis:licenseIdentifier><premis:licenseTerms>My documentation note</premis:licenseTerms></premis:licenseInformation><premis:rightsGranted><premis:act>deliver</premis:act><premis:restriction>MAXIMUM_IMAGE_SIZE_LIMIT</premis:restriction><premis:termOfGrant><premis:startDate>2015-10-27T22:11:59.917Z</premis:startDate></premis:termOfGrant></premis:rightsGranted><premis:linkingObjectIdentifier><premis:linkingObjectIdentifierType>RELATIVE_PATH</premis:linkingObjectIdentifierType><premis:linkingObjectIdentifierValue>image-archival_master\U971571_1.tif</premis:linkingObjectIdentifierValue></premis:linkingObjectIdentifier></premis:rightsStatement><premis:rightsExtension><hulDrsRights:hulDrsRights><hulDrsRights:maxImageDeliverySize>600</hulDrsRights:maxImageDeliverySize></hulDrsRights:hulDrsRights></premis:rightsExtension></premis:rights></xmlData></mdWrap></rightsMD></amdSec><amdSec ID="ID24"><techMD ID="ID25"><mdWrap ID="ID26" MDTYPE="PREMIS:OBJECT"><xmlData><premis:object xsi:type="premis:file"><premis:objectIdentifier><premis:objectIdentifierType>OTHER</premis:objectIdentifierType><premis:objectIdentifierValue>image-archival_master\image-deliverable\U971571_1.jp2</premis:objectIdentifierValue></premis:objectIdentifier><premis:objectCharacteristics><premis:compositionLevel>0</premis:compositionLevel><premis:fixity><premis:messageDigestAlgorithm>MD5</premis:messageDigestAlgorithm><premis:messageDigest>89cca8d91cfc85958e2676c88eefed2d</premis:messageDigest><premis:messageDigestOriginator>FITS 0.8.5</premis:messageDigestOriginator></premis:fixity><premis:size>755198</premis:size><premis:format><premis:formatDesignation><premis:formatName>JPEG 2000 JP2</premis:formatName></premis:formatDesignation><premis:formatRegistry><premis:formatRegistryName>PRONOM</premis:formatRegistryName><premis:formatRegistryKey>x-fmt/392</premis:formatRegistryKey></premis:formatRegistry></premis:format><premis:creatingApplication><premis:dateCreatedByApplication>2012-05-02T14:15:30-04:00</premis:dateCreatedByApplication></premis:creatingApplication><premis:objectCharacteristicsExtension><mix:mix><mix:BasicDigitalObjectInformation><mix:byteOrder>big endian</mix:byteOrder><mix:Compression><mix:compressionScheme>JPEG 2000 Lossy</mix:compressionScheme></mix:Compression></mix:BasicDigitalObjectInformation><mix:BasicImageInformation><mix:BasicImageCharacteristics><mix:imageWidth>2028</mix:imageWidth><mix:imageHeight>2821</mix:imageHeight><mix:PhotometricInterpretation><mix:ColorProfile><mix:IccProfile><mix:iccProfileName>Adobe RGB (1998)</mix:iccProfileName><mix:iccProfileVersion>2.1.0</mix:iccProfileVersion></mix:IccProfile></mix:ColorProfile></mix:PhotometricInterpretation></mix:BasicImageCharacteristics><mix:SpecialFormatCharacteristics><mix:JPEG2000><mix:EncodingOptions><mix:Tiles><mix:tileWidth>1024</mix:tileWidth><mix:tileHeight>1024</mix:tileHeight></mix:Tiles><mix:qualityLayers>1</mix:qualityLayers><mix:resolutionLevels>6</mix:resolutionLevels></mix:EncodingOptions></mix:JPEG2000></mix:SpecialFormatCharacteristics></mix:BasicImageInformation><mix:ImageCaptureMetadata><mix:GeneralCaptureInformation/></mix:ImageCaptureMetadata><mix:ImageAssessmentMetadata><mix:SpatialMetrics/><mix:ImageColorEncoding><mix:BitsPerSample><mix:bitsPerSampleValue>8</mix:bitsPerSampleValue><mix:bitsPerSampleValue>8</mix:bitsPerSampleValue><mix:bitsPerSampleValue>8</mix:bitsPerSampleValue><mix:bitsPerSampleUnit>integer</mix:bitsPerSampleUnit></mix:BitsPerSample><mix:samplesPerPixel>3</mix:samplesPerPixel></mix:ImageColorEncoding></mix:ImageAssessmentMetadata></mix:mix></premis:objectCharacteristicsExtension></premis:objectCharacteristics><premis:relationship><premis:relationshipType>associative</premis:relationshipType><premis:relationshipSubType>HAS_TARGET</premis:relationshipSubType><premis:relatedObjectIdentification><premis:relatedObjectIdentifierType>OBJECT_OSN</premis:relatedObjectIdentifierType><premis:relatedObjectIdentifierValue>obj-target-qa</premis:relatedObjectIdentifierValue></premis:relatedObjectIdentification></premis:relationship><premis:relationship><premis:relationshipType>associative</premis:relationshipType><premis:relationshipSubType>HAS_COLOR_PROFILE</premis:relationshipSubType><premis:relatedObjectIdentification><premis:relatedObjectIdentifierType>OBJECT_OSN</premis:relatedObjectIdentifierType><premis:relatedObjectIdentifierValue>color_profile1-icm-drs1-20130910</premis:relatedObjectIdentifierValue></premis:relatedObjectIdentification></premis:relationship><premis:relationship><premis:relationshipType>associative</premis:relationshipType><premis:relationshipSubType>HAS_WORLD_REFERENCE_DATA</premis:relationshipSubType><premis:relatedObjectIdentification><premis:relatedObjectIdentifierType>OBJECT_OSN</premis:relatedObjectIdentifierType><premis:relatedObjectIdentifierValue>QA_2_5_rel_test_text_kitchen_sink</premis:relatedObjectIdentifierValue></premis:relatedObjectIdentification></premis:relationship><premis:relationship><premis:relationshipType>associative</premis:relationshipType><premis:relationshipSubType>HAS_DOCUMENTATION</premis:relationshipSubType><premis:relatedObjectIdentification><premis:relatedObjectIdentifierType>HUL_DRS_OBJECT_URN</premis:relatedObjectIdentifierType><premis:relatedObjectIdentifierValue>urn-3:HUL.DRS.OBJECT:180635</premis:relatedObjectIdentifierValue></premis:relatedObjectIdentification></premis:relationship><premis:relationship><premis:relationshipType>derivation</premis:relationshipType><premis:relationshipSubType>HAS_SOURCE</premis:relationshipSubType><premis:relatedObjectIdentification><premis:relatedObjectIdentifierType>RELATIVE_PATH</premis:relatedObjectIdentifierType><premis:relatedObjectIdentifierValue>image-archival_master\U971571_1.tif</premis:relatedObjectIdentifierValue></premis:relatedObjectIdentification></premis:relationship><premis:relationship><premis:relationshipType>structural</premis:relationshipType><premis:relationshipSubType>HAS_SUBSET</premis:relationshipSubType><premis:relatedObjectIdentification><premis:relatedObjectIdentifierType>HUL_DRS_FILE_ORACLE</premis:relatedObjectIdentifierType><premis:relatedObjectIdentifierValue>1057904</premis:relatedObjectIdentifierValue></premis:relatedObjectIdentification></premis:relationship></premis:object></xmlData></mdWrap></techMD></amdSec><amdSec ID="ID27"><techMD ID="ID28"><mdWrap ID="ID29" MDTYPE="OTHER" OTHERMDTYPE="hulAdmin"><xmlData><hulDrsAdmin:hulDrsAdmin><hulDrsAdmin:drsFile><hulDrsAdmin:accessFlag status="current" creatingAgent="80529864" createDate="2015-10-27T22:12:01.686Z">P</hulDrsAdmin:accessFlag><hulDrsAdmin:fileIdentification><fits:identity format="JPEG 2000 JP2" mimetype="image/jp2" toolname="FITS" toolversion="0.8.5"><fits:tool toolname="Jhove" toolversion="1.5"/><fits:tool toolname="Exiftool" toolversion="9.13"/><fits:tool toolname="Droid" toolversion="6.1.3"/><fits:tool toolname="Tika" toolversion="1.3"/><fits:externalIdentifier toolname="Droid" toolversion="6.1.3" type="puid">x-fmt/392</fits:externalIdentifier></fits:identity></hulDrsAdmin:fileIdentification><hulDrsAdmin:formatValidation><fits:well-formed toolname="Jhove" toolversion="1.5" status="SINGLE_RESULT">true</fits:well-formed><fits:valid toolname="Jhove" toolversion="1.5" status="SINGLE_RESULT">true</fits:valid></hulDrsAdmin:formatValidation><hulDrsAdmin:insertionDate>2015-10-27T22:12:01.686Z</hulDrsAdmin:insertionDate><hulDrsAdmin:isFirstGenerationInDrs>no</hulDrsAdmin:isFirstGenerationInDrs><hulDrsAdmin:isPreferredDeliverableSource>unspecified</hulDrsAdmin:isPreferredDeliverableSource><hulDrsAdmin:ownerSuppliedName>U971571_1</hulDrsAdmin:ownerSuppliedName><hulDrsAdmin:role>DELIVERABLE</hulDrsAdmin:role><hulDrsAdmin:role>THUMBNAIL</hulDrsAdmin:role><hulDrsAdmin:status>current</hulDrsAdmin:status><hulDrsAdmin:suppliedFilename>U971571_1.jp2</hulDrsAdmin:suppliedFilename><hulDrsAdmin:suppliedDirectory>image-archival_master\image-deliverable\</hulDrsAdmin:suppliedDirectory><hulDrsAdmin:URI><hulDrsAdmin:uriType>IDS</hulDrsAdmin:uriType><hulDrsAdmin:uriValue>urn-3:HUL.OIS:U971571_1</hulDrsAdmin:uriValue></hulDrsAdmin:URI><hulDrsAdmin:usageClass>HIGHUSE</hulDrsAdmin:usageClass></hulDrsAdmin:drsFile></hulDrsAdmin:hulDrsAdmin></xmlData></mdWrap></techMD></amdSec><amdSec ID="ID32"><rightsMD ID="ID33"><mdWrap ID="ID34" MDTYPE="PREMIS:RIGHTS"><xmlData><premis:rights><premis:rightsStatement><premis:rightsStatementIdentifier><premis:rightsStatementIdentifierType>HUL_DRS_RIGHTS</premis:rightsStatementIdentifierType><premis:rightsStatementIdentifierValue>TBD_HUL_DRS_RIGHTS</premis:rightsStatementIdentifierValue></premis:rightsStatementIdentifier><premis:rightsBasis>Harvard policy</premis:rightsBasis><premis:licenseInformation><premis:licenseIdentifier><premis:licenseIdentifierType>OBJECT_OSN</premis:licenseIdentifierType><premis:licenseIdentifierValue>harvard_policy-2015</premis:licenseIdentifierValue></premis:licenseIdentifier><premis:licenseTerms>My documentation note</premis:licenseTerms></premis:licenseInformation><premis:rightsGranted><premis:act>deliver</premis:act><premis:restriction>MAXIMUM_IMAGE_SIZE_LIMIT</premis:restriction><premis:termOfGrant><premis:startDate>2015-10-27T22:11:59.917Z</premis:startDate></premis:termOfGrant></premis:rightsGranted><premis:linkingObjectIdentifier><premis:linkingObjectIdentifierType>RELATIVE_PATH</premis:linkingObjectIdentifierType><premis:linkingObjectIdentifierValue>image-archival_master\image-deliverable\U971571_1.jp2</premis:linkingObjectIdentifierValue></premis:linkingObjectIdentifier></premis:rightsStatement><premis:rightsExtension><hulDrsRights:hulDrsRights><hulDrsRights:maxImageDeliverySize>600</hulDrsRights:maxImageDeliverySize></hulDrsRights:hulDrsRights></premis:rightsExtension></premis:rights></xmlData></mdWrap></rightsMD></amdSec><amdSec ID="ID35"><rightsMD ID="ID36"><mdWrap ID="ID37" MDTYPE="PREMIS:RIGHTS"><xmlData><premis:rights><premis:rightsStatement><premis:rightsStatementIdentifier><premis:rightsStatementIdentifierType>HUL_DRS_RIGHTS</premis:rightsStatementIdentifierType><premis:rightsStatementIdentifierValue>TBD_HUL_DRS_RIGHTS</premis:rightsStatementIdentifierValue></premis:rightsStatementIdentifier><premis:rightsBasis>Harvard policy</premis:rightsBasis><premis:licenseInformation><premis:licenseIdentifier><premis:licenseIdentifierType>OBJECT_OSN</premis:licenseIdentifierType><premis:licenseIdentifierValue>harvard_policy-2015</premis:licenseIdentifierValue></premis:licenseIdentifier></premis:licenseInformation><premis:linkingObjectIdentifier><premis:linkingObjectIdentifierType>RELATIVE_PATH</premis:linkingObjectIdentifierType><premis:linkingObjectIdentifierValue>image-archival_master\image-deliverable\U971571_1.jp2</premis:linkingObjectIdentifierValue></premis:linkingObjectIdentifier></premis:rightsStatement></premis:rights></xmlData></mdWrap></rightsMD></amdSec><amdSec ID="ID38"><rightsMD ID="ID39"><mdWrap ID="ID40" MDTYPE="PREMIS:RIGHTS"><xmlData><premis:rights><premis:rightsStatement><premis:rightsStatementIdentifier><premis:rightsStatementIdentifierType>HUL_DRS_RIGHTS</premis:rightsStatementIdentifierType><premis:rightsStatementIdentifierValue>TBD_HUL_DRS_RIGHTS</premis:rightsStatementIdentifierValue></premis:rightsStatementIdentifier><premis:rightsBasis>license</premis:rightsBasis><premis:licenseInformation><premis:licenseIdentifier><premis:licenseIdentifierType>OBJECT_OSN</premis:licenseIdentifierType><premis:licenseIdentifierValue>ObjLicenseVZ-2015</premis:licenseIdentifierValue></premis:licenseIdentifier></premis:licenseInformation><premis:linkingObjectIdentifier><premis:linkingObjectIdentifierType>RELATIVE_PATH</premis:linkingObjectIdentifierType><premis:linkingObjectIdentifierValue>image-archival_master\image-deliverable\U971571_1.jp2</premis:linkingObjectIdentifierValue></premis:linkingObjectIdentifier></premis:rightsStatement></premis:rights></xmlData></mdWrap></rightsMD></amdSec><amdSec ID="ID41"><rightsMD ID="ID42"><mdWrap ID="ID43" MDTYPE="PREMIS:RIGHTS"><xmlData><premis:rights><premis:rightsStatement><premis:rightsStatementIdentifier><premis:rightsStatementIdentifierType>HUL_DRS_RIGHTS</premis:rightsStatementIdentifierType><premis:rightsStatementIdentifierValue>TBD_HUL_DRS_RIGHTS</premis:rightsStatementIdentifierValue></premis:rightsStatementIdentifier><premis:rightsBasis>statute</premis:rightsBasis><premis:licenseInformation><premis:licenseIdentifier><premis:licenseIdentifierType>OBJECT_OSN</premis:licenseIdentifierType><premis:licenseIdentifierValue>statute-2015</premis:licenseIdentifierValue></premis:licenseIdentifier></premis:licenseInformation><premis:linkingObjectIdentifier><premis:linkingObjectIdentifierType>RELATIVE_PATH</premis:linkingObjectIdentifierType><premis:linkingObjectIdentifierValue>image-archival_master\image-deliverable\U971571_1.jp2</premis:linkingObjectIdentifierValue></premis:linkingObjectIdentifier></premis:rightsStatement></premis:rights></xmlData></mdWrap></rightsMD></amdSec><amdSec ID="ID44"><digiprovMD ID="ID45"><mdWrap ID="ID46" MDTYPE="PREMIS:AGENT"><xmlData><premis:agent><premis:agentIdentifier><premis:agentIdentifierType>http://id.lib.harvard.edu</premis:agentIdentifierType><premis:agentIdentifierValue>Batch Builder/2.0.61</premis:agentIdentifierValue></premis:agentIdentifier><premis:agentName>Batch Builder/2.0.61</premis:agentName></premis:agent></xmlData></mdWrap></digiprovMD></amdSec><fileSec><fileGrp ID="ID11" USE="image-tiff"><file ID="ID18" ADMID="ID15 ID12" MIMETYPE="image/tiff"><FLocat ID="ID19" LOCTYPE="OTHER" OTHERLOCTYPE="RELATIVE_PATH" xlink:href="image-archival_master\U971571_1.tif"/></file></fileGrp><fileGrp ID="ID23" USE="image-jp2"><file ID="ID30" ADMID="ID27 ID24" MIMETYPE="image/jp2"><FLocat ID="ID31" LOCTYPE="OTHER" OTHERLOCTYPE="RELATIVE_PATH" xlink:href="image-archival_master\image-deliverable\U971571_1.jp2"/></file></fileGrp></fileSec><structMap ID="ID47"><div ID="ID48" DMDID="ID3"><fptr ID="ID49" FILEID="ID18"/><fptr ID="ID50" FILEID="ID30"/></div></structMap></mets>